variable	MAW
tmp_dc_cyr	0.9014713284012127
sgr_dk_rav	0.33482269293677597
LENGTH_KM	0.21760065258080455
dor_pc_pva	0.0
urb_pc_cse	0.0
pre_mm_cyr	0.0
rdd_mk_cav	0.0
