Generation	Worst	Best	Mean	Stdev
1	-1200.4747471654575	-1163.9990149524226	-1178.6391094740154	15.774111494879024
2	-1218.554582334417	-1163.9990149524226	-1183.7489144052163	20.45941944243534
3	-1212.6559616240788	-1134.9919179075587	-1170.6938613216694	19.7729019651556
4	-1217.3540357531856	-1134.9919179075587	-1161.8158947348757	28.97870898048482
5	-1217.011714840949	-1134.9919179075587	-1162.9318785505388	32.02090507102848
