variable	RVI
run_mm_cyr	0.9999999992728014
sgr_dk_rav	0.9999999777043529
tmp_dc_cyr	0.999999974582615
dor_pc_pva	5.403280690464821e-10
