variable	MAW
sgr_dk_rav	0.9438627249077166
run_mm_cyr	0.5381247256404349
dor_pc_pva	-0.0
tmp_dc_cyr	-0.24636058036382147
