	loglik	aic	r2m	delta_aic_null
distance_only	-599.2978989893612	1206.5957979787224	0.05159171576569966	18.766580647257115
null	-609.6811893129898	1225.3623786259795		
